id;name;password;email
1;secondary Macio RSS;Sapatos;Lavnia_Albuquerque@live.com
2;Applications Loan Marketing;Director;Silas.Melo@live.com
3;compress convergence methodology;Quality hacking one-to-one;Natlia5@gmail.com
4;hack Bola;Engineer program;MariaLuiza79@bol.com.br
5;Officer De-engineered;primary;Lucas_Macedo85@live.com
6;focus systems;paradigm Avon Concreto;Jlia.Moreira@gmail.com
7;Brand laranja;Brinquedos Senior Granito;Margarida_Reis41@hotmail.com
8;connecting;JSON communities;Joaquim_Xavier56@bol.com.br
9;Para√≠ba bronze;Communications;Emanuel_Batista@yahoo.com
10;Director;Cadeira;Aline32@gmail.com
